categoria,keyword
Derecho de Familia,alimento
Derecho de Familia,cuota
Derecho de Familia,menor
Derecho de Familia,hijo
Derecho de Familia,patria
Derecho de Familia,potestad
Derecho de Familia,custodia
Derecho de Familia,parentesco
Derecho de Familia,cónyuge
Derecho de Familia,matrimonio
Derecho de Familia,divorcio
Derecho de Familia,paternidad
Derecho de Familia,adn
Derecho de Familia,conciliación
Derecho de Familia,adopción
Derecho de Familia,icbf
Derecho de Familia,compañero
Derecho de Familia,permanente
Derecho de Familia,unión
Derecho de Familia,marital
Derecho de Familia,violencia
Derecho de Familia,económica
Derecho Laboral,trabajador
Derecho Laboral,empleador
Derecho Laboral,contrato
Derecho Laboral,realidad
Derecho Laboral,subordinación
Derecho Laboral,salario
Derecho Laboral,prestación
Derecho Laboral,cesantía
Derecho Laboral,vacación
Derecho Laboral,despido
Derecho Laboral,justa
Derecho Laboral,causa
Derecho Laboral,embarazo
Derecho Laboral,maternidad
Derecho Laboral,fuero
Derecho Laboral,sindical
Derecho Laboral,acoso
Derecho Laboral,laboral
Derecho Laboral,pensión
Derecho Laboral,vejez
Derecho Laboral,invalidez
Derecho Laboral,colpensiones
Derecho Laboral,huelga
Derecho Laboral,ugpp
Derecho Civil,rescisión
Derecho Civil,lesión
Derecho Civil,enorme
Derecho Civil,perjuicio
Derecho Civil,material
Derecho Civil,daño
Derecho Civil,emergente
Derecho Civil,lucro
Derecho Civil,cesante
Derecho Civil,prescripción
Derecho Civil,adquisitiva
Derecho Civil,dominio
Derecho Civil,bien
Derecho Civil,inmueble
Derecho Civil,posesión
Derecho Civil,contrato
Derecho Civil,compraventa
Derecho Civil,incumplimiento
Derecho Civil,póliza
Derecho Civil,aseguradora
Derecho Civil,nulidad
Derecho Civil,letra
Derecho Civil,cambio
Derecho Penal,fiscalía
Derecho Penal,imputación
Derecho Penal,delito
Derecho Penal,hurto
Derecho Penal,agravado
Derecho Penal,juez
Derecho Penal,garantías
Derecho Penal,aseguramiento
Derecho Penal,cárcel
Derecho Penal,detención
Derecho Penal,preventiva
Derecho Penal,preclusión
Derecho Penal,atipicidad
Derecho Penal,sentencia
Derecho Penal,condenatoria
Derecho Penal,inocencia
Derecho Penal,concusión
Derecho Penal,concierto
Derecho Penal,delinquir
Derecho Penal,custodia
Derecho Penal,evidencia
Derecho Penal,imputado
Derecho Constitucional,tutela
Derecho Constitucional,fundamental
Derecho Constitucional,derecho
Derecho Constitucional,constitución
Derecho Constitucional,bloque
Derecho Constitucional,constitucionalidad
Derecho Constitucional,vulneración
Derecho Constitucional,amparo
Derecho Constitucional,corte
Derecho Constitucional,constitucional
Derecho Constitucional,dignidad
Derecho Constitucional,humana
Derecho Constitucional,igualdad
Derecho Constitucional,discriminación
Derecho Constitucional,debido
Derecho Constitucional,proceso
Derecho Constitucional,precedente
Derecho Constitucional,sentencia
Derecho Constitucional,unificación
Derecho Constitucional,su
